1,Mafalda,Pacocha,grayce.leannon@example.org
2,Jed,Schroeder,bschoen@example.net
3,Juston,Tromp,loren.von@example.org
4,Jacinto,Mosciski,willow98@example.org
5,Ruthe,Hammes,jbrekke@example.net
6,Liliane,Carroll,neichmann@example.com
7,Meredith,Keebler,hackett.sammie@example.net
8,Kenya,Turner,vgoldner@example.net
9,Annetta,Weber,jhayes@example.org
10,Tyree,Rau,janis82@example.net
11,Estel,Wisoky,therman@example.net
12,Willis,Marquardt,lang.bernita@example.org
13,Dion,Ruecker,weber.maxie@example.net
14,Milford,Roob,welch.gideon@example.com
15,Jed,Bailey,bode.skylar@example.com
16,Verlie,Senger,bernier.dave@example.com
17,Anabelle,Heller,kaylie50@example.net
18,Maurice,Kovacek,wilkinson.sierra@example.com
19,Cara,Connelly,stephany10@example.org
20,Immanuel,Littel,gertrude.wisoky@example.com